RegionName,State,Type,2010,2011,2012,2013,2014,2015,2016,2017,2018
New York,NY,2-Bedroom,0,2764,2910,3111,3055,2621,2554,2589,2606
Los Angeles,CA,2-Bedroom,2193,2069,1959,2009,2185,2481,2627,2702,2817
Chicago,IL,2-Bedroom,1562,1697,1685,1812,1807,1785,1839,1721,1717
Houston,TX,2-Bedroom,0,0,0,0,1406,1489,1629,1539,1594
Philadelphia,PA,2-Bedroom,1677,1331,1358,1301,1326,1331,1388,1491,1569
Phoenix,AZ,2-Bedroom,808,786,776,791,788,847,948,1027,1103
Las Vegas,NV,2-Bedroom,961,868,804,812,849,900,944,1006,1047
San Antonio,TX,2-Bedroom,0,834,887,916,977,970,1019,1043,1110
San Diego,CA,2-Bedroom,2115,1844,1726,1758,1962,2116,2225,2235,2362
Dallas,TX,2-Bedroom,0,1198,1268,1457,1569,1543,1634,1688,1798
San Jose,CA,2-Bedroom,0,0,0,2019,2398,2795,2979,2835,2859
Jacksonville,FL,2-Bedroom,815,832,853,964,1084,1086,977,1009,1083
San Francisco,CA,2-Bedroom,3288,3126,3607,4027,4280,4658,4769,4482,4451
Indianapolis,IN,2-Bedroom,0,661,687,672,685,682,756,811,821
Austin,TX,2-Bedroom,986,1028,1121,1106,1265,1313,1394,1372,1420
Fort Worth,TX,2-Bedroom,0,790,830,858,921,1011,1117,1221,1335
Detroit,MI,2-Bedroom,0,0,617,590,595,638,654,678,703
Columbus,OH,2-Bedroom,0,0,0,0,819,885,915,934,981
Memphis,TN,2-Bedroom,0,786,730,731,661,658,704,736,722
Charlotte,NC,2-Bedroom,866,827,883,942,980,1104,1230,1328,1394
El Paso,TX,2-Bedroom,0,0,795,772,776,786,779,757,743
Boston,MA,2-Bedroom,2600,2226,2314,2485,2440,2475,2443,2404,2442
Seattle,WA,2-Bedroom,0,0,0,0,0,0,0,2407,2532
Baltimore,MD,2-Bedroom,0,0,0,0,0,1354,1334,1314,1484
Denver,CO,2-Bedroom,1200,1282,1304,1378,1576,1840,1883,1857,2013
Washington,DC,2-Bedroom,2544,2715,3043,3025,2862,2946,2953,2900,3038
Nashville,TN,2-Bedroom,1203,951,910,927,1109,1226,1384,1506,1634
Milwaukee,WI,2-Bedroom,0,739,823,882,852,918,908,857,885
Tucson,AZ,2-Bedroom,0,683,662,660,665,675,707,739,790
Portland,OR,2-Bedroom,0,1153,1129,1258,1332,1532,1779,1713,1759
Oklahoma City,OK,2-Bedroom,0,0,0,791,686,695,854,837,840
Omaha,NE,2-Bedroom,0,710,750,784,904,901,943,970,1066
Albuquerque,NM,2-Bedroom,0,939,848,817,819,850,893,878,906
Fresno,CA,2-Bedroom,0,755,699,727,687,686,715,804,885
Sacramento,CA,2-Bedroom,0,835,841,914,932,1021,1217,1343,1426
Mesa,AZ,2-Bedroom,745,681,687,727,745,756,824,893,948
Long Beach,CA,2-Bedroom,0,0,1329,1389,1419,1545,1694,1852,1935
Kansas City,MO,2-Bedroom,0,813,804,744,733,770,874,909,1002
Virginia Beach,VA,2-Bedroom,1100,1124,1135,1176,1150,1137,1157,1187,1196
Colorado Springs,CO,2-Bedroom,876,876,878,886,888,932,984,1076,1206
Atlanta,GA,2-Bedroom,1310,1321,1274,1322,1356,1543,1740,1775,1870
Miami,FL,2-Bedroom,2118,2226,2321,2448,2504,2569,2683,2599,2618
Oakland,CA,2-Bedroom,0,0,0,0,0,2325,2686,2724,2785
Tulsa,OK,2-Bedroom,0,0,0,0,0,0,825,772,740
Cleveland,OH,2-Bedroom,0,0,0,0,0,796,799,828,832
Honolulu,HI,2-Bedroom,0,2517,2433,2602,2486,2715,2624,2429,2357
Minneapolis,MN,2-Bedroom,0,0,0,0,0,0,0,0,2023
Baton Rouge,LA,2-Bedroom,0,0,0,0,0,0,0,1081,938
New Orleans,LA,2-Bedroom,0,0,0,0,0,1653,1498,1437,1407
Arlington,TX,2-Bedroom,0,755,739,784,831,897,947,1009,1129
Raleigh,NC,2-Bedroom,0,729,862,886,888,963,1145,1219,1224
Wichita,KS,2-Bedroom,0,590,632,635,646,670,664,697,720
Tampa,FL,2-Bedroom,0,0,0,0,0,0,0,1417,1535
Anaheim,CA,2-Bedroom,0,0,0,0,0,0,0,2014,2078
Aurora,CO,2-Bedroom,0,957,995,1009,1146,1309,1394,1411,1486
Saint Louis,MO,2-Bedroom,0,887,909,820,858,914,982,1000,1009
Corpus Christi,TX,2-Bedroom,0,0,0,0,1079,1035,1142,1149,1153
Cincinnati,OH,2-Bedroom,0,0,0,0,0,0,0,991,1082
Pittsburgh,PA,2-Bedroom,0,0,0,1200,1133,1202,1275,1249,1271
Riverside,CA,2-Bedroom,0,1068,1083,1101,1100,1226,1362,1369,1502
Marietta,GA,2-Bedroom,812,824,776,789,863,936,1012,1028,1095
Anchorage,AK,2-Bedroom,0,1277,1291,1257,1412,1338,1294,1253,1227
Bakersfield,CA,2-Bedroom,0,695,701,716,756,779,786,857,865
Saint Paul,MN,2-Bedroom,0,958,981,1072,1070,1141,1333,1358,1435
Toledo,OH,2-Bedroom,0,543,580,568,584,607,643,661,656
Silver Spring,MD,2-Bedroom,0,1435,1619,1790,1847,1845,1699,1706,1713
Lexington,KY,2-Bedroom,0,771,811,815,810,807,837,846,876
Newark,NJ,2-Bedroom,0,1106,1027,1082,1119,1100,1126,1216,1246
Tallahassee,FL,2-Bedroom,0,807,762,730,689,704,727,762,810
Stockton,CA,2-Bedroom,0,0,0,0,0,0,0,0,1167
Plano,TX,2-Bedroom,0,1052,1051,1142,1223,1272,1394,1492,1547
Buffalo,NY,2-Bedroom,0,0,0,0,0,0,0,1019,1053
Chandler,AZ,2-Bedroom,0,866,909,924,953,1011,1152,1160,1211
Louisville,KY,2-Bedroom,0,0,0,0,0,0,919,924,974
Henderson,NV,2-Bedroom,1150,996,938,887,958,1001,1106,1124,1203
Modesto,CA,2-Bedroom,0,796,787,796,816,869,983,1089,1199
Jersey City,NJ,2-Bedroom,0,0,0,0,0,0,2453,2308,2385
Lubbock,TX,2-Bedroom,0,0,675,681,703,729,782,779,804
Durham,NC,2-Bedroom,0,772,794,856,892,939,1131,1148,1208
Orlando,FL,2-Bedroom,860,874,918,933,963,1031,1214,1276,1360
Norfolk,VA,2-Bedroom,968,917,906,915,925,918,933,954,959
Saint Petersburg,FL,2-Bedroom,0,903,982,954,989,1100,1140,1187,1318
Pensacola,FL,2-Bedroom,0,598,609,630,635,688,712,762,874
Fort Wayne,IN,2-Bedroom,0,0,0,0,0,0,623,599,640
Greensboro,NC,2-Bedroom,0,740,701,714,733,733,758,782,835
Lincoln,NE,2-Bedroom,0,0,850,868,917,905,948,947,962
San Bernardino,CA,2-Bedroom,0,879,846,838,866,922,951,994,1047
Corona,CA,2-Bedroom,0,1313,1277,1300,1371,1421,1477,1571,1798
Chula Vista,CA,2-Bedroom,0,1400,1438,1443,1566,1670,1814,1902,2047
Chesapeake,VA,2-Bedroom,0,1163,1162,1190,1165,1208,1241,1219,1203
Hialeah,FL,2-Bedroom,0,0,0,0,0,0,0,1457,1486
Madison,WI,2-Bedroom,0,0,0,0,1097,1138,1175,1277,1296
Garland,TX,2-Bedroom,0,0,0,0,0,0,0,1202,1272
Fort Myers,FL,2-Bedroom,0,0,0,0,0,0,0,1324,1420
Knoxville,TN,2-Bedroom,0,670,722,722,743,771,812,830,907
Laredo,TX,2-Bedroom,0,0,0,0,0,0,0,897,841
North Las Vegas,NV,2-Bedroom,0,911,824,811,830,870,904,928,1050
Lawrenceville,GA,2-Bedroom,0,723,778,813,844,938,1002,1030,1135
Fremont,CA,2-Bedroom,0,1637,1675,1857,2064,2318,2622,2551,2612
Fayetteville,NC,2-Bedroom,0,712,677,750,703,686,663,691,687
Springfield,MO,2-Bedroom,0,542,530,534,521,533,550,578,586
Arlington,VA,2-Bedroom,2256,2506,2822,2688,2604,2563,2562,2620,2676
Irving,TX,2-Bedroom,0,0,0,0,0,1262,1396,1455,1499
Scottsdale,AZ,2-Bedroom,1767,1322,1011,1070,1301,1435,1497,1465,1490
Rochester,NY,2-Bedroom,0,0,0,907,800,780,816,833,924
Winston-Salem,NC,2-Bedroom,0,622,639,656,657,681,770,782,803
Irvine,CA,2-Bedroom,2038,2080,2146,2195,2221,2234,2311,2409,2479
Richmond,VA,2-Bedroom,709,789,819,849,969,960,1130,1123,1239
Boca Raton,FL,2-Bedroom,1407,1414,1390,1417,1502,1563,1630,1671,1879
Oxnard,CA,2-Bedroom,0,1424,1516,1604,1730,1910,1895,1989,2140
Bradenton,FL,2-Bedroom,0,0,0,0,0,0,0,1356,1443
Montgomery,AL,2-Bedroom,0,0,0,0,0,0,0,721,689
Santa Rosa,CA,2-Bedroom,0,0,0,0,1472,1825,1964,2007,2148
Des Moines,IA,2-Bedroom,0,738,704,742,730,785,810,855,868
Reno,NV,2-Bedroom,0,772,756,780,798,850,938,1094,1322
Spokane,WA,2-Bedroom,0,638,649,675,681,732,756,793,893
Augusta,GA,2-Bedroom,0,0,0,0,0,0,0,899,840
Tacoma,WA,2-Bedroom,0,932,877,907,983,1030,1118,1203,1329
Grand Rapids,MI,2-Bedroom,0,0,0,0,0,0,0,1250,1135
Oceanside,CA,2-Bedroom,0,1439,1407,1423,1495,1570,1653,1739,1840
Gainesville,FL,2-Bedroom,696,745,794,728,753,767,847,891,907
Woodbridge,VA,2-Bedroom,0,1372,1356,1408,1404,1451,1429,1473,1581
Ocala,FL,2-Bedroom,0,662,688,707,681,715,760,784,877
Glendale,CA,2-Bedroom,0,1570,1610,1817,1917,2129,2486,2382,2515
Boise,ID,2-Bedroom,0,644,654,672,690,747,812,848,920
Greenville,SC,2-Bedroom,0,750,710,772,794,852,949,1017,1060
Birmingham,AL,2-Bedroom,0,0,0,0,0,0,0,807,896
Salt Lake City,UT,2-Bedroom,0,0,0,874,882,1011,1175,1239,1465
Huntington Beach,CA,2-Bedroom,0,0,0,0,0,0,0,2773,2706
Akron,OH,2-Bedroom,0,0,604,620,642,643,662,668,683
Rockford,IL,2-Bedroom,0,0,0,578,593,618,634,647,654
Salinas,CA,2-Bedroom,0,0,0,0,0,0,0,1717,1758
Worcester,MA,2-Bedroom,0,1061,999,1054,1025,1088,1146,1181,1236
Moreno Valley,CA,2-Bedroom,0,1028,1063,1098,1142,1150,1310,1322,1412
Little Rock,AR,2-Bedroom,0,757,798,837,746,787,788,810,791
Port Saint Lucie,FL,2-Bedroom,856,909,930,975,1006,1089,1149,1195,1268
Brownsville,TX,2-Bedroom,0,0,0,0,0,0,0,0,765
Providence,RI,2-Bedroom,0,0,0,0,0,0,0,1448,1486
Amarillo,TX,2-Bedroom,0,0,0,0,0,0,820,803,811
Lancaster,CA,2-Bedroom,0,0,0,0,0,0,0,1214,1305
Fort Collins,CO,2-Bedroom,0,0,1222,1070,1040,1187,1307,1318,1343
Shreveport,LA,2-Bedroom,0,0,852,784,671,725,744,732,667
Evansville,IN,2-Bedroom,0,0,0,0,0,670,615,620,623
Yonkers,NY,2-Bedroom,0,1525,1479,1534,1577,1684,1730,1778,1839
Hayward,CA,2-Bedroom,0,0,0,0,0,0,0,2071,2138
Fort Lauderdale,FL,2-Bedroom,0,1775,1687,1710,1645,1756,1833,1851,2000
Chattanooga,TN,2-Bedroom,0,0,0,0,0,0,0,901,930
Columbus,GA,2-Bedroom,0,0,800,704,598,645,659,626,735
Aurora,IL,2-Bedroom,0,1190,1195,1266,1292,1349,1420,1396,1472
Ontario,CA,2-Bedroom,0,1270,1285,1276,1324,1394,1511,1571,1697
Grand Prairie,TX,2-Bedroom,0,0,0,0,0,0,0,1135,1222
Rancho Cucamonga,CA,2-Bedroom,0,1375,1469,1504,1559,1621,1735,1782,1879
Overland Park,KS,2-Bedroom,0,0,882,859,915,1014,1059,1151,1203
Newport News,VA,2-Bedroom,0,0,0,0,0,0,0,886,908
Garden Grove,CA,2-Bedroom,0,0,0,0,0,0,0,1806,1881
Killeen,TX,2-Bedroom,0,550,550,555,547,550,550,548,550
Roanoke,VA,2-Bedroom,0,0,0,726,758,807,807,803,830
Sioux Falls,SD,2-Bedroom,0,653,702,717,715,787,831,822,814
Tempe,AZ,2-Bedroom,0,0,0,0,0,0,0,0,1229
Vancouver,WA,2-Bedroom,0,819,821,867,927,1005,1148,1218,1289
El Cajon,CA,2-Bedroom,0,1109,1108,1161,1197,1288,1402,1532,1700
Topeka,KS,2-Bedroom,0,0,623,590,616,612,620,634,645
Pueblo,CO,2-Bedroom,0,0,0,0,0,0,0,731,768
Fredericksburg,VA,2-Bedroom,0,1053,1228,1180,1133,1144,1166,1234,1273
Cape Coral,FL,2-Bedroom,0,0,0,0,0,0,0,1178,1252
Springfield,MA,2-Bedroom,0,0,0,0,0,0,0,0,966
Pembroke Pines,FL,2-Bedroom,1150,1219,1246,1300,1359,1410,1479,1498,1558
Murfreesboro,TN,2-Bedroom,0,0,0,0,0,0,0,1026,1038
Clarksville,TN,2-Bedroom,0,646,665,675,676,663,686,692,692
Naperville,IL,2-Bedroom,0,1347,1364,1362,1392,1440,1511,1549,1603
Peoria,AZ,2-Bedroom,0,0,0,0,0,0,0,1111,1123
Fairfax,VA,2-Bedroom,0,0,0,0,1859,1823,1863,1892,1949
Santa Clarita,CA,2-Bedroom,0,1424,1607,1699,1679,1751,1832,1889,1970
Pomona,CA,2-Bedroom,0,0,0,0,0,0,0,1581,1611
Lafayette,LA,2-Bedroom,0,0,0,0,0,0,0,798,786
Kansas City,KS,2-Bedroom,0,0,0,0,0,0,0,931,975
Boynton Beach,FL,2-Bedroom,1282,1224,1193,1237,1369,1395,1462,1482,1514
Syracuse,NY,2-Bedroom,0,0,0,0,0,0,0,802,848
Salem,OR,2-Bedroom,0,718,678,661,661,697,808,915,987
Hollywood,FL,2-Bedroom,1907,1644,1488,1536,1649,1671,1785,1769,1747
Paterson,NJ,2-Bedroom,0,0,0,0,0,0,0,1554,1548
Lakewood,CO,2-Bedroom,0,0,0,0,0,0,0,0,1686
Alexandria,VA,2-Bedroom,0,1845,1892,1983,2098,2130,2106,1974,1958
Dayton,OH,2-Bedroom,0,490,520,532,547,559,560,620,631
Yuma,AZ,2-Bedroom,0,0,0,0,0,0,0,788,788
Sunnyvale,CA,2-Bedroom,0,0,2158,2283,2599,2943,3118,3081,3145
Visalia,CA,2-Bedroom,0,0,0,0,0,0,0,937,953
Las Cruces,NM,2-Bedroom,0,0,0,0,0,691,640,618,611
Charleston,SC,2-Bedroom,0,1114,1157,1213,1330,1374,1547,1569,1582
Bridgeport,CT,2-Bedroom,0,1154,1131,1133,1186,1194,1271,1274,1286
Eugene,OR,2-Bedroom,0,0,845,831,850,913,975,1017,1059
Escondido,CA,2-Bedroom,0,1278,1264,1274,1363,1441,1501,1623,1717
Newark,DE,2-Bedroom,0,0,0,0,1098,1171,1199,1191,1214
Round Rock,TX,2-Bedroom,0,898,963,1015,1108,1121,1146,1157,1303
Hampton,VA,2-Bedroom,0,870,907,874,869,898,921,970,1020
Pasadena,CA,2-Bedroom,0,2003,2119,2268,2225,2485,2527,2619,2674
Torrance,CA,2-Bedroom,0,0,0,0,0,2055,2078,2093,2197
Columbia,SC,2-Bedroom,0,715,755,759,769,796,818,829,889
Tyler,TX,2-Bedroom,0,0,0,0,0,949,901,885,952
Mesquite,TX,2-Bedroom,0,0,0,0,0,0,0,1033,1058
Fullerton,CA,2-Bedroom,0,0,0,0,0,0,2139,2077,2105
Warren,MI,2-Bedroom,0,0,0,0,0,0,0,876,848
McKinney,TX,2-Bedroom,0,0,1048,1131,1268,1269,1297,1329,1386
West Valley City,UT,2-Bedroom,0,0,0,0,0,0,0,874,898
Renton,WA,2-Bedroom,0,0,0,1279,1310,1430,1537,1618,1646
Canton,OH,2-Bedroom,0,0,0,0,0,595,614,605,615
Metairie,LA,2-Bedroom,0,0,0,0,0,0,0,1126,1129
Edinburg,TX,2-Bedroom,0,0,0,0,0,0,0,681,699
Inglewood,CA,2-Bedroom,0,1183,1244,1271,1300,1367,1430,1606,1796
Orange,CA,2-Bedroom,0,1713,1679,1657,1698,2001,2000,2144,2272
New Haven,CT,2-Bedroom,0,1371,1277,1276,1219,1252,1303,1352,1335
Abilene,TX,2-Bedroom,0,0,0,0,0,0,0,693,689
McAllen,TX,2-Bedroom,0,0,0,0,0,0,0,867,836
Bellevue,WA,2-Bedroom,0,0,0,0,0,0,0,2203,2270
Saginaw,MI,2-Bedroom,0,0,0,0,0,0,0,676,691
Bloomington,IN,2-Bedroom,0,0,1103,1016,988,1076,1030,1143,1150
Olathe,KS,2-Bedroom,0,0,0,0,0,0,0,830,846
Miramar,FL,2-Bedroom,0,1317,1332,1377,1406,1454,1504,1539,1625
Coral Springs,FL,2-Bedroom,1004,1050,1136,1164,1134,1211,1282,1332,1384
Hamilton,OH,2-Bedroom,0,0,0,0,0,0,0,682,756
Hartford,CT,2-Bedroom,0,849,868,965,914,965,962,978,985
Stamford,CT,2-Bedroom,2056,2155,2211,2358,2307,2434,2485,2444,2707
Savannah,GA,2-Bedroom,0,871,889,889,906,1004,968,1067,1259
Simi Valley,CA,2-Bedroom,0,0,0,0,0,1807,1866,1950,2016
Concord,CA,2-Bedroom,0,1254,1341,1379,1382,1488,1750,1925,1971
Sterling Heights,MI,2-Bedroom,0,0,0,0,1132,1166,1196,1145,1124
Elizabeth,NJ,2-Bedroom,0,0,0,0,0,0,0,1405,1454
Frisco,TX,2-Bedroom,0,0,0,0,1260,1347,1518,1596,1646
Joliet,IL,2-Bedroom,0,0,0,0,0,0,0,875,930
Carrollton,TX,2-Bedroom,0,898,942,1012,1129,1154,1226,1361,1381
Billings,MT,2-Bedroom,0,0,0,0,710,729,759,777,795
Allentown,PA,2-Bedroom,0,0,0,0,0,0,0,1011,1052
Amherst,NY,2-Bedroom,0,0,0,0,0,0,0,1265,1341
Santa Fe,NM,2-Bedroom,0,0,0,0,0,0,0,1269,1276
Vallejo,CA,2-Bedroom,0,1018,1064,1131,1149,1311,1496,1577,1714
Independence,MO,2-Bedroom,0,612,618,659,666,665,680,718,758
Santa Clara,CA,2-Bedroom,0,0,2301,2293,2437,2707,2852,2861,2907
Cary,NC,2-Bedroom,0,0,0,0,0,0,0,1207,1288
Cypress,TX,2-Bedroom,0,0,0,0,0,0,1290,1255,1310
Conroe,TX,2-Bedroom,0,0,0,0,0,0,0,0,1356
Berkeley,CA,2-Bedroom,0,0,0,0,0,0,0,3054,3189
Hemet,CA,2-Bedroom,0,853,839,822,838,880,952,1033,1086
Norman,OK,2-Bedroom,0,0,0,673,704,691,725,750,785
Falls Church,VA,2-Bedroom,0,1797,1785,1831,1812,1893,1914,1971,2067
Springfield,IL,2-Bedroom,0,0,0,0,0,0,0,685,688
Lake Charles,LA,2-Bedroom,0,0,0,0,0,0,0,1182,1050
Denton,TX,2-Bedroom,0,0,0,0,0,1039,983,1170,1098
Downey,CA,2-Bedroom,0,0,0,0,0,0,0,1695,1760
Thornton,CO,2-Bedroom,0,1011,966,1048,1144,1298,1414,1458,1519
Frederick,MD,2-Bedroom,0,1113,1027,1134,1265,1301,1298,1273,1314
Westminster,CO,2-Bedroom,0,943,1025,1054,1176,1335,1384,1433,1477
Lansing,MI,2-Bedroom,0,612,620,641,659,659,671,704,724
Waterbury,CT,2-Bedroom,0,792,796,824,861,887,882,900,905
New Port Richey,FL,2-Bedroom,0,0,0,0,0,0,0,914,903
Temecula,CA,2-Bedroom,0,0,0,0,0,0,0,1699,1798
Costa Mesa,CA,2-Bedroom,0,1646,1790,1813,1904,2107,2181,2253,2285
Athens,GA,2-Bedroom,0,0,0,0,0,0,0,755,752
Manchester,NH,2-Bedroom,0,928,991,1067,1033,1050,1121,1237,1246
Vista,CA,2-Bedroom,0,0,1307,1339,1406,1491,1614,1648,1731
Ventura,CA,2-Bedroom,0,1502,1482,1627,1666,1779,1849,1896,2033
Murrieta,CA,2-Bedroom,0,1122,1195,1226,1295,1352,1459,1502,1595
Peoria,IL,2-Bedroom,0,0,0,0,0,0,0,732,732
Chico,CA,2-Bedroom,0,766,790,775,806,894,926,961,971
Ann Arbor,MI,2-Bedroom,0,0,0,0,0,0,0,1434,1495
Lowell,MA,2-Bedroom,0,0,0,1208,1204,1246,1329,1367,1435
Cambridge,MA,2-Bedroom,0,0,2759,2874,2854,2784,2773,2838,2910
Sparks,NV,2-Bedroom,0,0,0,0,0,0,0,1335,1324
Roseville,CA,2-Bedroom,0,0,0,0,0,0,0,1572,1634
Redding,CA,2-Bedroom,0,0,0,0,0,0,773,788,825
Burbank,CA,2-Bedroom,0,1756,1906,2006,2060,2131,2185,2328,2363
Nampa,ID,2-Bedroom,0,560,581,624,623,677,710,749,842
Everett,WA,2-Bedroom,0,912,957,1012,1091,1111,1230,1310,1399
Provo,UT,2-Bedroom,0,0,0,0,0,0,0,775,855
Bend,OR,2-Bedroom,0,0,0,0,0,0,0,0,1372
Palm Bay,FL,2-Bedroom,0,0,0,0,0,0,0,927,959
Tuscaloosa,AL,2-Bedroom,0,0,0,0,0,0,0,867,872
Clearwater,FL,2-Bedroom,0,0,0,0,0,0,1314,1127,1173
Springfield,VA,2-Bedroom,0,0,0,0,0,0,0,0,1878
Wilmington,NC,2-Bedroom,0,817,814,852,876,903,933,978,1040
Pompano Beach,FL,2-Bedroom,0,0,0,0,0,0,0,1557,1586
Davenport,IA,2-Bedroom,0,0,0,0,0,0,0,752,747
Grand Junction,CO,2-Bedroom,0,766,782,790,799,831,832,845,892
Rock Hill,SC,2-Bedroom,0,0,0,0,0,0,0,0,990
Stone Mountain,GA,2-Bedroom,0,0,0,0,0,0,0,998,942
Fargo,ND,2-Bedroom,0,0,0,0,0,770,749,753,716
Edison,NJ,2-Bedroom,0,0,0,0,0,0,0,1650,1777
West Covina,CA,2-Bedroom,0,0,0,0,0,0,0,1880,1934
Carlsbad,CA,2-Bedroom,0,1897,1741,1777,1953,2143,2159,2134,2281
Vacaville,CA,2-Bedroom,0,0,0,0,0,0,0,1747,1778
Bowling Green,KY,2-Bedroom,0,0,0,0,0,0,0,813,809
Lewisville,TX,2-Bedroom,0,0,904,983,1099,1083,1209,1219,1220
Beaverton,OR,2-Bedroom,0,1013,1007,972,1022,1169,1352,1354,1434
Saint Augustine,FL,2-Bedroom,0,0,0,0,0,0,0,1213,1268
West Palm Beach,FL,2-Bedroom,1311,1267,1113,1126,1210,1277,1422,1470,1532
Columbia,MO,2-Bedroom,0,0,0,582,605,625,638,642,671
Erie,PA,2-Bedroom,0,0,0,0,0,0,0,687,675
Cedar Rapids,IA,2-Bedroom,0,0,0,0,649,637,681,697,690
Jacksonville,NC,2-Bedroom,0,765,743,700,694,660,652,652,650
Norcross,GA,2-Bedroom,0,694,701,701,745,779,845,929,1039
Wichita Falls,TX,2-Bedroom,0,0,0,0,0,0,0,682,660
Fairfield,CA,2-Bedroom,0,0,0,0,0,0,0,1785,1766
San Mateo,CA,2-Bedroom,0,0,2335,2639,2854,3071,3247,3134,3264
Daly City,CA,2-Bedroom,0,0,0,0,0,0,0,2951,2990
San Leandro,CA,2-Bedroom,0,0,0,0,0,0,0,2119,2165
Dearborn,MI,2-Bedroom,0,0,0,0,0,0,0,1422,1529
Sandy Springs,GA,2-Bedroom,0,978,944,941,1154,1284,1335,1284,1365
Greece,NY,2-Bedroom,0,0,0,0,0,0,0,916,930
Albany,NY,2-Bedroom,0,0,0,0,0,1086,1171,1093,1135
Richardson,TX,2-Bedroom,0,962,1009,1196,1338,1381,1457,1508,1741
Portsmouth,VA,2-Bedroom,0,950,920,899,949,908,928,934,925
Longview,TX,2-Bedroom,0,0,0,0,0,0,0,759,762
Laurel,MD,2-Bedroom,0,0,0,0,0,0,0,1855,1642
Orange Park,FL,2-Bedroom,0,0,0,0,0,0,0,880,953
Spring Hill,FL,2-Bedroom,0,702,708,718,748,764,779,791,872
Duluth,GA,2-Bedroom,0,0,0,0,0,0,0,1146,1284
Davie,FL,2-Bedroom,0,1177,1224,1272,1271,1323,1455,1499,1570
West Chester,PA,2-Bedroom,0,1125,1281,1369,1430,1512,1577,1580,1526
Newton,MA,2-Bedroom,0,0,1924,2059,2058,2120,2136,2170,2263
Brockton,MA,2-Bedroom,0,0,1170,1183,1208,1241,1233,1261,1420
Albany,GA,2-Bedroom,0,0,0,0,0,0,0,482,494
Lakeland,FL,2-Bedroom,0,0,0,0,0,0,0,915,944
Lawrence,KS,2-Bedroom,0,0,0,0,0,0,0,757,749
Lehigh Acres,FL,2-Bedroom,0,621,625,639,683,766,855,918,950
Napa,CA,2-Bedroom,0,0,0,0,0,0,2250,2132,2322
Mission Viejo,CA,2-Bedroom,0,1939,1806,1838,2011,2059,2204,2257,2349
Santa Cruz,CA,2-Bedroom,0,0,0,0,0,0,0,2666,2740
Antioch,CA,2-Bedroom,0,0,0,0,0,0,0,1536,1666
Centennial,CO,2-Bedroom,0,0,1251,1298,1497,1670,1687,1601,1686
Riverview,FL,2-Bedroom,0,951,988,1001,1031,1083,1144,1235,1298
South Bend,IN,2-Bedroom,0,614,596,602,598,614,641,696,721
Arvada,CO,2-Bedroom,0,0,0,0,0,0,0,1679,1696
Lawton,OK,2-Bedroom,0,581,600,597,578,572,602,604,607
Annapolis,MD,2-Bedroom,0,0,0,0,2339,1934,1814,1703,1672
Indio,CA,2-Bedroom,0,0,0,0,0,0,0,1725,1878
Highlands Ranch,CO,2-Bedroom,0,0,1325,1358,1463,1644,1730,1780,1823
Federal Way,WA,2-Bedroom,0,0,0,0,0,0,0,1274,1398
Hillsboro,OR,2-Bedroom,0,0,1131,1158,1229,1348,1528,1518,1574
Champaign,IL,2-Bedroom,0,0,698,733,774,788,798,748,744
Greeley,CO,2-Bedroom,0,0,0,0,0,850,911,926,957
Canton,MI,2-Bedroom,0,0,0,0,0,0,0,1197,1295
Elgin,IL,2-Bedroom,0,0,0,0,0,0,0,1264,1301
Meridian,ID,2-Bedroom,0,650,665,684,682,723,785,798,855
Santa Monica,CA,2-Bedroom,0,0,0,0,0,4147,4066,4044,4023
Yakima,WA,2-Bedroom,0,0,0,0,0,0,0,846,844
Muncie,IN,2-Bedroom,0,0,0,0,0,0,0,573,625
Valdosta,GA,2-Bedroom,0,614,649,594,561,545,541,577,606
Plantation,FL,2-Bedroom,0,1221,1280,1340,1348,1434,1540,1563,1591
Lithonia,GA,2-Bedroom,0,0,0,0,0,0,0,873,869
Kalamazoo,MI,2-Bedroom,0,0,0,0,0,0,0,769,746
Cheyenne,WY,2-Bedroom,0,0,0,0,0,0,785,748,758
Lynchburg,VA,2-Bedroom,0,0,0,0,0,0,0,720,701
Terre Haute,IN,2-Bedroom,0,0,0,0,0,0,0,685,681
Livermore,CA,2-Bedroom,0,0,0,0,0,0,0,2204,2280
Bryan,TX,2-Bedroom,0,0,0,0,0,0,0,788,748
Duluth,MN,2-Bedroom,0,0,0,0,0,0,0,916,903
Sunrise,FL,2-Bedroom,0,1198,1194,1224,1266,1345,1472,1536,1609
Orem,UT,2-Bedroom,0,0,0,0,0,0,0,1122,1149
Miami Beach,FL,2-Bedroom,3011,2683,2825,2929,2841,2935,2934,2809,2970
Fall River,MA,2-Bedroom,0,0,0,0,0,0,0,949,921
Allen,TX,2-Bedroom,0,0,0,0,0,0,0,1546,1572
Franklin,TN,2-Bedroom,0,0,0,0,0,0,0,1658,1621
Herndon,VA,2-Bedroom,0,0,1700,1842,1739,1711,1721,1763,1853
Midlothian,VA,2-Bedroom,0,0,0,0,0,0,0,1209,1247
Toms River,NJ,2-Bedroom,0,0,0,0,0,0,0,1555,1585
Trenton,NJ,2-Bedroom,0,0,0,0,0,0,0,945,1001
Pearland,TX,2-Bedroom,0,0,0,0,0,0,1299,1308,1382
Bloomington,MN,2-Bedroom,0,0,0,0,0,0,0,1331,1296
Nashua,NH,2-Bedroom,0,1100,1156,1149,1178,1242,1331,1352,1368
Edmond,OK,2-Bedroom,0,0,0,0,0,0,0,864,855
Chapel Hill,NC,2-Bedroom,0,0,1025,1068,1149,1104,1171,1247,1246
Lynn,MA,2-Bedroom,0,0,0,0,0,0,0,1627,1763
Reading,PA,2-Bedroom,0,0,0,0,0,0,0,707,741
Bowie,MD,2-Bedroom,0,0,0,0,0,0,0,0,1846
Kennesaw,GA,2-Bedroom,0,0,0,0,0,1156,1106,1243,1313
Boulder,CO,2-Bedroom,0,0,0,0,0,1718,1851,1792,1836
Clifton,NJ,2-Bedroom,0,0,0,0,0,0,0,2325,1961
Norwalk,CT,2-Bedroom,0,2000,2013,2172,2178,2171,2266,2192,2205
Citrus Heights,CA,2-Bedroom,0,0,0,0,0,0,0,1132,1234
Buena Park,CA,2-Bedroom,0,0,0,0,0,0,0,1825,1785
Poughkeepsie,NY,2-Bedroom,0,1065,1121,1121,1161,1167,1236,1313,1265
Gary,IN,2-Bedroom,0,0,0,0,0,0,0,711,720
Apopka,FL,2-Bedroom,0,0,0,0,0,0,0,1135,1123
Troy,MI,2-Bedroom,0,0,0,0,0,0,0,1563,1616
Germantown,MD,2-Bedroom,0,1395,1366,1396,1400,1404,1490,1512,1546
Richmond,CA,2-Bedroom,0,0,0,0,0,0,0,2162,2344
Hawthorne,CA,2-Bedroom,0,0,0,0,0,0,0,1632,1675
Johnson City,TN,2-Bedroom,0,0,0,0,0,0,0,656,704
Chino,CA,2-Bedroom,0,0,0,0,0,0,0,0,1735
Parma,OH,2-Bedroom,0,0,0,0,0,0,0,0,853
Gulfport,MS,2-Bedroom,0,0,0,0,0,0,0,0,662
Suffolk,VA,2-Bedroom,0,0,0,0,0,0,0,1204,1223
Spokane Valley,WA,2-Bedroom,0,0,0,0,0,730,776,889,945
Lexington,SC,2-Bedroom,0,0,0,0,0,0,0,987,992
Farmington Hills,MI,2-Bedroom,0,916,972,1000,1106,1128,1207,1203,1258
Santa Barbara,CA,2-Bedroom,0,0,0,0,0,0,2811,2851,3225
Ogden,UT,2-Bedroom,0,0,0,0,0,0,0,759,766
Alhambra,CA,2-Bedroom,0,0,0,0,0,0,0,0,2162
Leesburg,VA,2-Bedroom,0,0,0,0,0,0,0,1534,1551
Kent,WA,2-Bedroom,0,915,935,961,1043,1163,1231,1298,1440
Loveland,CO,2-Bedroom,0,0,0,0,0,1045,1147,1257,1335
Sterling,VA,2-Bedroom,0,0,0,0,0,1608,1652,1698,1778
Douglasville,GA,2-Bedroom,0,0,0,0,0,0,0,862,958
Redwood City,CA,2-Bedroom,0,0,2525,2691,3040,3536,3854,3692,3838
Quincy,MA,2-Bedroom,0,1558,1785,1822,1741,1791,1868,1927,2062
Danbury,CT,2-Bedroom,0,1486,1582,1620,1621,1718,1957,1914,1972
Arden-Arcade,CA,2-Bedroom,0,829,814,841,876,887,982,1091,1217
Parker,CO,2-Bedroom,0,0,0,0,0,0,0,1625,1641
Glen Burnie,MD,2-Bedroom,0,0,0,0,1207,1257,1243,1273,1267
Woodstock,GA,2-Bedroom,0,0,0,0,0,0,0,1282,1422
Ashburn,VA,2-Bedroom,0,0,1614,1639,1698,1728,1711,1749,1828
Rio Rancho,NM,2-Bedroom,0,0,0,0,0,0,0,841,886
Roswell,GA,2-Bedroom,0,0,0,0,0,1157,1206,1217,1266
Longmont,CO,2-Bedroom,0,0,0,0,1050,1243,1344,1344,1430
Newnan,GA,2-Bedroom,0,0,0,0,0,0,0,1029,1072
Medford,OR,2-Bedroom,0,0,0,0,0,0,0,0,935
Fort Smith,AR,2-Bedroom,0,0,0,0,0,587,551,585,590
Cranston,RI,2-Bedroom,0,0,0,0,0,0,0,1193,1255
Melbourne,FL,2-Bedroom,734,804,769,786,925,983,997,1084,1123
Tustin,CA,2-Bedroom,0,1783,1738,1657,1910,2029,2105,2193,2211
Bloomington,IL,2-Bedroom,0,0,0,0,0,0,0,745,734
Walnut Creek,CA,2-Bedroom,0,0,1850,1920,2059,2284,2545,2559,2643
Town 'n' Country,FL,2-Bedroom,0,978,995,1006,1035,1084,1173,1153,1282
Whittier,CA,2-Bedroom,0,0,0,0,0,0,0,1703,1735
Eau Claire,WI,2-Bedroom,0,0,0,0,0,0,0,0,834
Thousand Oaks,CA,2-Bedroom,0,0,0,0,0,2103,2061,2069,2184
Upland,CA,2-Bedroom,0,0,0,0,1272,1419,1421,1474,1564
Iowa City,IA,2-Bedroom,0,0,0,0,0,0,0,979,958
Greenwood,IN,2-Bedroom,0,0,0,0,0,0,0,849,840
Arlington Heights,IL,2-Bedroom,0,1360,1379,1465,1456,1519,1558,1569,1660
Sumter,SC,2-Bedroom,0,0,0,0,0,0,0,654,648
New Braunfels,TX,2-Bedroom,0,0,0,0,0,0,0,1267,1297
Bethlehem,PA,2-Bedroom,0,0,0,1013,978,992,1055,1073,1173
Mountain View,CA,2-Bedroom,0,0,0,0,3153,3388,3423,3436,3435
Evanston,IL,2-Bedroom,0,1354,1356,1469,1469,1498,1534,1574,1588
Bellflower,CA,2-Bedroom,0,0,0,0,0,0,0,0,1565
Covina,CA,2-Bedroom,0,0,0,0,0,0,0,1732,1811
Shelby,MI,2-Bedroom,0,0,0,0,0,0,0,0,1360
Waukegan,IL,2-Bedroom,0,0,0,0,0,0,0,940,931
Conway,AR,2-Bedroom,0,0,0,0,0,0,0,600,604
Redmond,WA,2-Bedroom,0,1795,1655,1590,1784,1874,1992,2021,2125
High Point,NC,2-Bedroom,0,0,0,0,0,0,0,745,722
Somerville,MA,2-Bedroom,0,0,0,2217,2125,2195,2208,2302,2393
New Britain,CT,2-Bedroom,0,0,0,0,0,0,0,917,912
Macon,GA,2-Bedroom,0,0,650,609,550,599,597,612,628
Cheektowaga,NY,2-Bedroom,0,0,0,0,0,0,0,875,877
Saint George,UT,2-Bedroom,0,0,0,0,0,0,0,0,933
Pittsburg,CA,2-Bedroom,0,0,0,0,0,0,0,1685,1785
Largo,FL,2-Bedroom,0,0,0,0,0,0,0,986,1101
Redlands,CA,2-Bedroom,0,0,0,0,0,0,0,1399,1493
Oviedo,FL,2-Bedroom,0,0,0,0,0,0,0,1262,1343
Palm Coast,FL,2-Bedroom,0,0,0,0,0,0,0,1125,1114
Southfield,MI,2-Bedroom,0,0,0,0,0,0,0,1191,1225
League City,TX,2-Bedroom,0,0,0,0,0,0,0,0,1416
Pawtucket,RI,2-Bedroom,0,0,0,0,0,0,0,1010,1016
Rochester Hills,MI,2-Bedroom,0,0,0,0,0,0,0,1159,1248
Saint Charles,MO,2-Bedroom,0,0,0,0,0,0,0,0,1009
Folsom,CA,2-Bedroom,0,0,0,0,0,0,0,1642,1629
Sanford,FL,2-Bedroom,0,838,831,861,898,953,1036,1069,1169
Kendall,FL,2-Bedroom,0,0,0,0,0,0,0,1728,1715
Lynnwood,WA,2-Bedroom,0,0,0,0,0,0,1420,1447,1661
Lake Forest,CA,2-Bedroom,0,1641,1635,1675,1769,1872,1921,2021,2111
Wilmington,DE,2-Bedroom,0,0,0,0,0,0,0,1233,1272
San Ramon,CA,2-Bedroom,0,0,1852,1961,2100,2341,2465,2499,2524
New Rochelle,NY,2-Bedroom,0,0,2347,2267,1926,1893,1952,2074,2254
Huntington,WV,2-Bedroom,0,0,0,0,0,0,0,730,701
Camarillo,CA,2-Bedroom,0,0,0,0,0,0,0,1984,2115
Petaluma,CA,2-Bedroom,0,0,0,0,0,0,0,2276,2307
La Mesa,CA,2-Bedroom,0,0,0,1322,1394,1481,1580,1663,1804
Palm Harbor,FL,2-Bedroom,0,0,0,0,0,0,0,1197,1246
Stafford,VA,2-Bedroom,0,0,0,0,0,0,0,1405,1403
Mount Pleasant,SC,2-Bedroom,0,1178,1138,1247,1301,1362,1418,1444,1541
Cherry Hill,NJ,2-Bedroom,0,0,0,0,0,0,0,1658,1637
Brandon,FL,2-Bedroom,0,865,917,955,959,1037,1124,1131,1169
Asheville,NC,2-Bedroom,0,0,0,0,0,1047,1113,1113,1142
Pleasanton,CA,2-Bedroom,0,0,0,0,0,2342,2416,2510,2654
Smyrna,GA,2-Bedroom,0,0,0,0,0,0,1195,1239,1385
Gresham,OR,2-Bedroom,0,0,0,0,0,0,0,1252,1288
Greenville,NC,2-Bedroom,0,0,571,590,676,671,705,674,699
Framingham,MA,2-Bedroom,0,1357,1469,1508,1476,1519,1689,1711,1896
Lauderhill,FL,2-Bedroom,0,962,1010,1010,1046,1138,1189,1213,1250
Apple Valley,CA,2-Bedroom,0,0,0,0,0,0,0,856,921
Kirkland,WA,2-Bedroom,0,0,0,0,1944,1782,1924,1985,2038
Waipahu,HI,2-Bedroom,0,0,0,0,0,0,1700,1719,1757
Redondo Beach,CA,2-Bedroom,0,0,0,2284,2344,2381,2520,2555,2529
Bismarck,ND,2-Bedroom,0,0,0,0,0,0,0,738,739
Mooresville,NC,2-Bedroom,0,0,1079,1057,966,1002,1033,1079,1080
Centreville,VA,2-Bedroom,0,0,0,0,0,0,0,1689,1740
San Marcos,CA,2-Bedroom,0,1600,1531,1552,1690,1800,1956,2125,2132
Warwick,RI,2-Bedroom,0,0,0,0,0,0,0,1428,1429
Bremerton,WA,2-Bedroom,0,0,0,0,0,0,0,1097,1199
Spring Valley,CA,2-Bedroom,0,0,0,0,0,0,0,1525,1589
Great Falls,MT,2-Bedroom,0,0,0,0,0,0,0,809,767
Waterford,MI,2-Bedroom,0,0,0,0,0,0,0,1059,1088
Schaumburg,IL,2-Bedroom,0,1236,1273,1305,1313,1380,1419,1436,1437
Ellicott City,MD,2-Bedroom,0,0,0,0,0,0,0,1690,1722
Plymouth,MN,2-Bedroom,0,1185,1146,1214,1222,1323,1341,1408,1441
Waldorf,MD,2-Bedroom,0,0,0,0,0,0,0,1667,1613
Marysville,WA,2-Bedroom,0,0,0,0,0,0,0,0,1355
Casper,WY,2-Bedroom,0,0,0,0,0,1043,993,830,749
Avondale,AZ,2-Bedroom,0,0,0,0,0,0,0,997,1008
San Rafael,CA,2-Bedroom,0,0,0,0,0,0,0,3054,2900
Palo Alto,CA,2-Bedroom,0,0,3483,3136,3421,3733,3919,3737,3798
Portland,ME,2-Bedroom,0,0,0,0,0,0,0,1615,1650
Jonesboro,AR,2-Bedroom,0,0,0,0,0,0,0,782,805
Union City,NJ,2-Bedroom,0,0,0,0,0,1655,1789,1822,1961
Union City,CA,2-Bedroom,0,0,0,0,0,0,0,2350,2335
Dubuque,IA,2-Bedroom,0,0,0,0,0,0,0,661,679
Palatine,IL,2-Bedroom,0,1183,1070,1113,1268,1323,1330,1378,1412
Tomball,TX,2-Bedroom,0,0,0,0,0,0,0,1206,1284
The Woodlands,TX,2-Bedroom,0,0,0,0,0,0,0,1354,1432
Lafayette,IN,2-Bedroom,0,0,0,0,0,0,0,720,745
North Little Rock,AR,2-Bedroom,0,0,0,0,0,0,0,622,637
Waterloo,IA,2-Bedroom,0,0,0,0,663,637,668,653,665
Port Charlotte,FL,2-Bedroom,0,0,0,0,0,0,0,1194,1230
Vienna,VA,2-Bedroom,0,0,0,0,0,0,0,2183,2199
East Orange,NJ,2-Bedroom,0,0,0,0,0,0,0,1650,1542
Weston,FL,2-Bedroom,0,1385,1454,1496,1517,1595,1635,1662,1700
Chino Hills,CA,2-Bedroom,0,0,0,0,0,0,0,1920,1885
Bellingham,WA,2-Bedroom,0,0,0,0,0,0,0,0,1261
Salisbury,MD,2-Bedroom,0,0,0,0,0,0,0,951,993
Winchester,VA,2-Bedroom,0,0,0,0,0,0,0,1020,1023
Manhattan,KS,2-Bedroom,0,0,0,0,797,836,836,808,759
Alameda,CA,2-Bedroom,0,0,0,0,0,0,0,2479,2463
Eagan,MN,2-Bedroom,0,0,0,0,0,0,0,1257,1271
Daytona Beach,FL,2-Bedroom,0,754,764,772,810,862,881,919,928
Bel Air,MD,2-Bedroom,0,0,0,0,0,0,0,1222,1209
Bossier City,LA,2-Bedroom,0,0,0,0,0,1363,1337,1303,1309
Auburn,WA,2-Bedroom,0,0,0,0,0,0,0,1380,1412
Corvallis,OR,2-Bedroom,0,0,0,899,864,971,964,995,1063
West Bloomfield,MI,2-Bedroom,0,0,0,0,0,0,0,1495,1606
Mount Vernon,NY,2-Bedroom,0,1565,1549,1574,1550,1599,1657,1689,1753
Lorain,OH,2-Bedroom,0,0,0,0,583,592,590,584,594
Maple Grove,MN,2-Bedroom,0,0,0,0,0,0,0,1481,1471
West Hartford,CT,2-Bedroom,0,0,1550,1535,1529,1595,1557,1536,1550
Glen Allen,VA,2-Bedroom,0,0,0,0,0,0,0,1361,1384
Ames,IA,2-Bedroom,0,0,0,0,0,0,0,1053,979
Columbus,IN,2-Bedroom,0,0,0,0,0,0,0,870,882
North Port,FL,2-Bedroom,0,0,0,0,0,0,0,1408,1225
Laguna Niguel,CA,2-Bedroom,2036,1881,1898,1800,2015,2045,2099,2167,2249
San Marcos,TX,2-Bedroom,0,0,0,0,0,0,0,952,906
Arcadia,CA,2-Bedroom,0,0,0,0,0,0,0,2089,2139
Harrisonburg,VA,2-Bedroom,0,0,0,0,0,0,0,875,896
Woodbury,MN,2-Bedroom,0,1229,1198,1222,1232,1295,1339,1379,1395
Burnsville,MN,2-Bedroom,0,0,1099,1068,1169,1184,1177,1255,1265
La Habra,CA,2-Bedroom,0,0,0,0,0,0,0,1913,1919
Carmel,IN,2-Bedroom,0,0,0,0,1195,1171,1137,1136,1133
Eden Prairie,MN,2-Bedroom,0,0,0,0,0,0,0,1459,1455
Jefferson City,MO,2-Bedroom,0,0,0,0,0,0,0,505,498
Hamden,CT,2-Bedroom,0,1271,1340,1329,1381,1409,1420,1424,1406
Hendersonville,TN,2-Bedroom,0,0,0,0,0,0,0,1033,1087
Bristol,CT,2-Bedroom,0,881,917,944,956,968,1003,1012,1017
West Allis,WI,2-Bedroom,0,0,0,0,0,0,0,800,795
Tamarac,FL,2-Bedroom,0,1103,1129,1134,1200,1233,1306,1346,1377
Meriden,CT,2-Bedroom,0,0,0,0,0,0,0,1211,1138
Fayetteville,AR,2-Bedroom,0,0,0,0,0,0,0,0,975
Taylorsville,UT,2-Bedroom,0,0,0,0,0,0,0,1012,1041
Dundalk,MD,2-Bedroom,0,0,0,0,0,0,0,939,916
Lancaster,PA,2-Bedroom,0,0,0,0,0,0,0,955,1010
Waltham,MA,2-Bedroom,0,1950,2070,2245,2034,2141,2203,2214,2228
Haverhill,MA,2-Bedroom,0,0,0,0,0,0,0,1420,1545
Bellevue,NE,2-Bedroom,0,0,0,0,0,0,0,866,861
Lakewood,WA,2-Bedroom,0,0,0,0,0,1000,1010,1133,1204
Saint Cloud,MN,2-Bedroom,0,0,0,0,0,0,0,874,836
San Gabriel,CA,2-Bedroom,0,0,0,0,0,0,0,1748,1870
Jupiter,FL,2-Bedroom,0,1506,1564,1596,1803,1775,1911,1824,1968
Greenwich,CT,2-Bedroom,0,0,0,0,0,0,0,3445,3237
Kendale Lakes,FL,2-Bedroom,0,1230,1252,1291,1331,1381,1417,1446,1491
Encinitas,CA,2-Bedroom,0,0,0,0,0,0,0,2688,2732
Pontiac,MI,2-Bedroom,0,0,0,0,0,0,0,748,738
Fountainbleau,FL,2-Bedroom,0,1223,1274,1317,1350,1439,1502,1546,1611
Malden,MA,2-Bedroom,0,1641,1745,1921,1806,1794,1862,1926,2057
Gardena,CA,2-Bedroom,0,0,0,0,0,0,0,0,1661
Blaine,MN,2-Bedroom,0,0,0,0,0,0,0,1695,1712
Royal Oak,MI,2-Bedroom,0,1004,1021,1113,1212,1225,1290,1313,1389
Novato,CA,2-Bedroom,0,0,0,0,0,0,0,2500,2463
Manchester,CT,2-Bedroom,0,0,1215,1181,1195,1242,1276,1226,1179
Newport Beach,CA,2-Bedroom,0,0,0,0,2874,2795,2947,2945,2987
Ewa Beach,HI,2-Bedroom,0,0,0,0,0,0,0,1820,1840
Gaithersburg,MD,2-Bedroom,0,0,1657,1684,1599,1759,1660,1526,1526
Pasadena,MD,2-Bedroom,0,0,0,0,0,0,0,0,1656
Skokie,IL,2-Bedroom,0,0,0,0,0,0,0,1349,1393
San Clemente,CA,2-Bedroom,0,1893,1902,1922,2240,2294,2428,2324,2418
Bozeman,MT,2-Bedroom,0,0,0,0,0,0,0,1173,1267
Rapid City,SD,2-Bedroom,0,0,0,0,0,0,0,872,889
Berwyn,IL,2-Bedroom,0,0,0,0,0,0,0,1200,1143
Rocklin,CA,2-Bedroom,0,0,0,0,0,0,0,1761,1717
Saint Peters,MO,2-Bedroom,0,0,0,0,0,0,0,980,1054
Annandale,VA,2-Bedroom,0,0,0,0,0,0,0,1687,1681
Tamiami,FL,2-Bedroom,0,0,0,0,0,0,0,1547,1529
West Des Moines,IA,2-Bedroom,0,0,1100,951,1051,1108,1024,1061,1044
Bayonne,NJ,2-Bedroom,0,1170,1235,1270,1257,1285,1354,1408,1471
Davis,CA,2-Bedroom,0,0,0,0,0,0,0,1614,1775
Schenectady,NY,2-Bedroom,0,0,0,0,0,0,0,954,1034
White Plains,NY,2-Bedroom,0,0,2883,2875,2980,2914,2774,2634,2844
Chicopee,MA,2-Bedroom,0,0,0,0,0,0,0,0,1066
Medford,MA,2-Bedroom,0,0,1825,1849,1817,1858,1968,2040,2112
Bensalem,PA,2-Bedroom,0,0,0,0,0,0,0,1245,1264
Midwest City,OK,2-Bedroom,0,0,0,0,0,0,0,684,766
Freehold,NJ,2-Bedroom,0,0,0,0,0,0,0,1850,1871
Carmichael,CA,2-Bedroom,0,0,0,0,0,0,0,1166,1221
Grand Forks,ND,2-Bedroom,0,0,0,0,0,0,0,744,776
Noblesville,IN,2-Bedroom,0,0,0,0,0,0,0,953,1044
Irvington,NJ,2-Bedroom,0,0,0,0,0,0,0,0,1170
New Castle,DE,2-Bedroom,0,0,0,0,0,0,0,1048,1077
Deerfield Beach,FL,2-Bedroom,0,1224,1265,1278,1353,1368,1389,1424,1493
Altamonte Springs,FL,2-Bedroom,0,822,884,897,899,900,1033,1089,1197
Cupertino,CA,2-Bedroom,0,0,0,0,3127,3217,3350,3261,3367
Titusville,FL,2-Bedroom,0,0,0,0,0,0,0,786,864
Margate,FL,2-Bedroom,0,0,0,0,0,0,1315,1275,1314
Wheaton,IL,2-Bedroom,0,0,0,0,0,0,0,1645,1561
Kettering,OH,2-Bedroom,0,0,0,0,0,0,0,0,792
Santee,CA,2-Bedroom,0,0,0,0,0,0,0,1737,1731
Statesboro,GA,2-Bedroom,0,0,0,0,0,0,0,579,595
Broomfield,CO,2-Bedroom,0,0,1320,1349,1469,1521,1647,1642,1733
Coconut Creek,FL,2-Bedroom,0,1177,1211,1236,1260,1296,1338,1419,1501
Mount Prospect,IL,2-Bedroom,0,0,0,0,0,0,0,1250,1212
Port Orange,FL,2-Bedroom,0,0,0,0,0,0,0,1100,1161
Delray Beach,FL,2-Bedroom,1293,1271,1273,1343,1478,1465,1577,1591,1664
West Haven,CT,2-Bedroom,0,0,0,0,0,0,0,1272,1273
Rockville,MD,2-Bedroom,0,2046,2026,1989,1943,1904,2247,2071,2081
The Hammocks,FL,2-Bedroom,0,1208,1268,1304,1316,1379,1473,1509,1528
Stillwater,OK,2-Bedroom,0,0,0,0,0,0,0,744,707
Missoula,MT,2-Bedroom,0,703,739,789,777,798,827,845,882
Fountain Valley,CA,2-Bedroom,0,0,0,0,0,0,0,1991,2040
Piscataway,NJ,2-Bedroom,0,0,0,0,0,0,0,1835,1829
Oak Park,IL,2-Bedroom,,,,,,,,,
Mililani,HI,2-Bedroom,,,,,,,,,
Harlingen,TX,2-Bedroom,,,,,,,,,
Novi,MI,2-Bedroom,,,,,,,,,
New Brunswick,NJ,2-Bedroom,,,,,,,,,
Kailua,HI,2-Bedroom,,,,,,,,,
Issaquah,WA,2-Bedroom,,,,,,,,,
Castle Rock,CO,2-Bedroom,,,,,,,,,
West New York,NJ,2-Bedroom,,,,,,,,,
Glendora,CA,2-Bedroom,,,,,,,,,
Peabody,MA,2-Bedroom,,,,,,,,,
Shoreline,WA,2-Bedroom,,,,,,,,,
Gloucester,NJ,2-Bedroom,,,,,,,,,
Placentia,CA,2-Bedroom,,,,,,,,,
Euless,TX,2-Bedroom,,,,,,,,,
Petersburg,VA,2-Bedroom,,,,,,,,,
Troy,NY,2-Bedroom,,,,,,,,,
Urbana,IL,2-Bedroom,,,,,,,,,
Mason,OH,2-Bedroom,,,,,,,,,
West Monroe,LA,2-Bedroom,,,,,,,,,
Apple Valley,MN,2-Bedroom,,,,,,,,,
Fairbanks,AK,2-Bedroom,,,,,,,,,
Hoboken,NJ,2-Bedroom,,,,,,,,,
Spring,TX,2-Bedroom,,,,,,,,,
Brookline,MA,2-Bedroom,,,,,,,,,
Owings Mills,MD,2-Bedroom,,,,,,,,,
Stockbridge,GA,2-Bedroom,,,,,,,,,
North Miami,FL,2-Bedroom,,,,,,,,,
Stratford,CT,2-Bedroom,,,,,,,,,
Anderson,IN,2-Bedroom,,,,,,,,,
Milford,CT,2-Bedroom,,,,,,,,,
Harrisburg,PA,2-Bedroom,,,,,,,,,
Oshkosh,WI,2-Bedroom,,,,,,,,,
Tigard,OR,2-Bedroom,,,,,,,,,
Middletown,OH,2-Bedroom,,,,,,,,,
Middletown,CT,2-Bedroom,,,,,,,,,
Hutchinson,KS,2-Bedroom,,,,,,,,,
Lenexa,KS,2-Bedroom,,,,,,,,,
Revere,MA,2-Bedroom,,,,,,,,,
Homestead,FL,2-Bedroom,,,,,,,,,
Minot,ND,2-Bedroom,,,,,,,,,
Cathedral City,CA,2-Bedroom,,,,,,,,,
Binghamton,NY,2-Bedroom,,,,,,,,,
Mc Lean,VA,2-Bedroom,,,,,,,,,
Kaneohe,HI,2-Bedroom,,,,,,,,,
Wellington,FL,2-Bedroom,,,,,,,,,
Wauwatosa,WI,2-Bedroom,,,,,,,,,
Lakewood,OH,2-Bedroom,,,,,,,,,
Normal,IL,2-Bedroom,,,,,,,,,
Johns Creek,GA,2-Bedroom,,,,,,,,,
Oroville,CA,2-Bedroom,,,,,,,,,
Hammond,LA,2-Bedroom,,,,,,,,,
Apex,NC,2-Bedroom,,,,,,,,,
Saint Louis Park,MN,2-Bedroom,,,,,,,,,
Wahiawa,HI,2-Bedroom,,,,,,,,,
Huntersville,NC,2-Bedroom,,,,,,,,,
Galveston,TX,2-Bedroom,,,,,,,,,
Menifee,CA,2-Bedroom,,,,,,,,,
Cleveland Heights,OH,2-Bedroom,,,,,,,,,
Castro Valley,CA,2-Bedroom,,,,,,,,,
Aliso Viejo,CA,2-Bedroom,,,,,,,,,
Tuckahoe,VA,2-Bedroom,,,,,,,,,
Cuyahoga Falls,OH,2-Bedroom,,,,,,,,,
Longwood,FL,2-Bedroom,,,,,,,,,
Wallingford,CT,2-Bedroom,,,,,,,,,
Moline,IL,2-Bedroom,,,,,,,,,
Sammamish,WA,2-Bedroom,,,,,,,,,
Doral,FL,2-Bedroom,,,,,,,,,
Yorktown,VA,2-Bedroom,,,,,,,,,
North Bethesda,MD,2-Bedroom,,,,,,,,,
Longview,WA,2-Bedroom,,,,,,,,,
Bloomfield Hills,MI,2-Bedroom,,,,,,,,,
Diamond Bar,CA,2-Bedroom,,,,,,,,,
Martinez,CA,2-Bedroom,,,,,,,,,
Pocatello,ID,2-Bedroom,,,,,,,,,
Charlottesville,VA,2-Bedroom,,,,,,,,,
Edmonds,WA,2-Bedroom,,,,,,,,,
York,PA,2-Bedroom,,,,,,,,,
Hackensack,NJ,2-Bedroom,,,,,,,,,
Campbell,CA,2-Bedroom,,,,,,,,,
Clovis,NM,2-Bedroom,,,,,,,,,
Arlington,MA,2-Bedroom,,,,,,,,,
Cedar Park,TX,2-Bedroom,,,,,,,,,
Enfield,CT,2-Bedroom,,,,,,,,,
Webster,NY,2-Bedroom,,,,,,,,,
Catonsville,MD,2-Bedroom,,,,,,,,,
Newark,CA,2-Bedroom,,,,,,,,,
Alpharetta,GA,2-Bedroom,,,,,,,,,
Charleston,WV,2-Bedroom,,,,,,,,,
Everett,MA,2-Bedroom,,,,,,,,,
Oakland Park,FL,2-Bedroom,,,,,,,,,
Monrovia,CA,2-Bedroom,,,,,,,,,
Dunwoody,GA,2-Bedroom,,,,,,,,,
West Chester,OH,2-Bedroom,,,,,,,,,
Rancho Santa Margarita,CA,2-Bedroom,,,,,,,,,
Woonsocket,RI,2-Bedroom,,,,,,,,,
North Lauderdale,FL,2-Bedroom,,,,,,,,,
Hoover,AL,2-Bedroom,,,,,,,,,
Kapolei,HI,2-Bedroom,,,,,,,,,
Grapevine,TX,2-Bedroom,,,,,,,,,
Norwich,CT,2-Bedroom,,,,,,,,,
Aiea,HI,2-Bedroom,,,,,,,,,
Peachtree Corners,GA,2-Bedroom,,,,,,,,,
Country Club,FL,2-Bedroom,,,,,,,,,
Idaho Falls,ID,2-Bedroom,,,,,,,,,
Hoffman Estates,IL,2-Bedroom,,,,,,,,,
Salem,MA,2-Bedroom,,,,,,,,,
Tonawanda,NY,2-Bedroom,,,,,,,,,
Lake Oswego,OR,2-Bedroom,,,,,,,,,
Evans,GA,2-Bedroom,,,,,,,,,
Menlo Park,CA,2-Bedroom,,,,,,,,,
Sarasota,FL,2-Bedroom,,,,,,,,,
Ankeny,IA,2-Bedroom,,,,,,,,,
Franklin,NJ,2-Bedroom,,,,,,,,,
Towson,MD,2-Bedroom,,,,,,,,,
Cutler Bay,FL,2-Bedroom,,,,,,,,,
Manassas,VA,2-Bedroom,,,,,,,,,
Bothell,WA,2-Bedroom,,,,,,,,,
Palm Beach Gardens,FL,2-Bedroom,,,,,,,,,
Winter Springs,FL,2-Bedroom,,,,,,,,,
Littleton,CO,2-Bedroom,,,,,,,,,
Olympia,WA,2-Bedroom,,,,,,,,,
Carol Stream,IL,2-Bedroom,,,,,,,,,
District Heights,MD,2-Bedroom,,,,,,,,,
Euclid,OH,2-Bedroom,,,,,,,,,
Brookhaven,GA,2-Bedroom,,,,,,,,,
Burlington,NC,2-Bedroom,,,,,,,,,
Great Neck,NY,2-Bedroom,,,,,,,,,
Marlborough,MA,2-Bedroom,,,,,,,,,
Montclair,NJ,2-Bedroom,,,,,,,,,
San Bruno,CA,2-Bedroom,,,,,,,,,
Urbandale,IA,2-Bedroom,,,,,,,,,
Austell,GA,2-Bedroom,,,,,,,,,
Kendall West,FL,2-Bedroom,,,,,,,,,
Chester,VA,2-Bedroom,,,,,,,,,
Fishers,IN,2-Bedroom,,,,,,,,,
Franconia,VA,2-Bedroom,,,,,,,,,
Shelton,CT,2-Bedroom,,,,,,,,,
Brighton,CO,2-Bedroom,,,,,,,,,
Torrington,CT,2-Bedroom,,,,,,,,,
Beverly,MA,2-Bedroom,,,,,,,,,
Chelsea,MA,2-Bedroom,,,,,,,,,
Hagerstown,MD,2-Bedroom,,,,,,,,,
Saratoga Springs,NY,2-Bedroom,,,,,,,,,
Laramie,WY,2-Bedroom,,,,,,,,,
Woburn,MA,2-Bedroom,,,,,,,,,
Mt Laurel,NJ,2-Bedroom,,,,,,,,,
Evesham,NJ,2-Bedroom,,,,,,,,,
Dublin,CA,2-Bedroom,,,,,,,,,
Covington,KY,2-Bedroom,,,,,,,,,
Buffalo Grove,IL,2-Bedroom,,,,,,,,,
Wheeling,IL,2-Bedroom,,,,,,,,,
Boardman,OH,2-Bedroom,,,,,,,,,
University City,MO,2-Bedroom,,,,,,,,,
Hurst,TX,2-Bedroom,,,,,,,,,
Cedar Falls,IA,2-Bedroom,,,,,,,,,
Brookfield,WI,2-Bedroom,,,,,,,,,
Brighton,NY,2-Bedroom,,,,,,,,,
Egypt Lake-Leto,FL,2-Bedroom,,,,,,,,,
Culver City,CA,2-Bedroom,,,,,,,,,
The Colony,TX,2-Bedroom,,,,,,,,,
Cape Girardeau,MO,2-Bedroom,,,,,,,,,
Windsor Mill,MD,2-Bedroom,,,,,,,,,
Northville,MI,2-Bedroom,,,,,,,,,
Puyallup,WA,2-Bedroom,,,,,,,,,
Beverly Hills,CA,2-Bedroom,,,,,,,,,
Casselberry,FL,2-Bedroom,,,,,,,,,
Oak Creek,WI,2-Bedroom,,,,,,,,,
Coppell,TX,2-Bedroom,,,,,,,,,
Gurnee,IL,2-Bedroom,,,,,,,,,
West Hollywood,CA,2-Bedroom,,,,,,,,,
Lake Worth,FL,2-Bedroom,,,,,,,,,
Pleasant Hill,CA,2-Bedroom,,,,,,,,,
Fairborn,OH,2-Bedroom,,,,,,,,,
University,FL,2-Bedroom,,,,,,,,,
Aventura,FL,2-Bedroom,,,,,,,,,
Los Gatos,CA,2-Bedroom,,,,,,,,,
Ormond Beach,FL,2-Bedroom,,,,,,,,,
Lake Mary,FL,2-Bedroom,,,,,,,,,
Manhattan Beach,CA,2-Bedroom,,,,,,,,,
Derry,NH,2-Bedroom,,,,,,,,,
East Point,GA,2-Bedroom,,,,,,,,,
Bangor,ME,2-Bedroom,,,,,,,,,
Oak Harbor,WA,2-Bedroom,,,,,,,,,
Tarpon Springs,FL,2-Bedroom,,,,,,,,,
Westlake,OH,2-Bedroom,,,,,,,,,
Jacksonville,AR,2-Bedroom,,,,,,,,,
Englewood,CO,2-Bedroom,,,,,,,,,
Lauderdale Lakes,FL,2-Bedroom,,,,,,,,,
Copperas Cove,TX,2-Bedroom,,,,,,,,,
Cottonwood Heights,UT,2-Bedroom,,,,,,,,,
Paine Field-Lake Stickney,WA,2-Bedroom,,,,,,,,,
Dover,DE,2-Bedroom,,,,,,,,,
Northglenn,CO,2-Bedroom,,,,,,,,,
Randolph,MA,2-Bedroom,,,,,,,,,
Temple Hills,MD,2-Bedroom,,,,,,,,,
Burlington,VT,2-Bedroom,,,,,,,,,
Ross,PA,2-Bedroom,,,,,,,,,
Dunedin,FL,2-Bedroom,,,,,,,,,
Belleville,IL,2-Bedroom,,,,,,,,,
Hinesville,GA,2-Bedroom,,,,,,,,,
Rancho Palos Verdes,CA,2-Bedroom,,,,,,,,,
Foster City,CA,2-Bedroom,,,,,,,,,
Keizer,OR,2-Bedroom,,,,,,,,,
Perrysburg,OH,2-Bedroom,,,,,,,,,
Myrtle Beach,SC,2-Bedroom,,,,,,,,,
North Royalton,OH,2-Bedroom,,,,,,,,,
Winter Park,FL,2-Bedroom,,,,,,,,,
Dover,NH,2-Bedroom,,,,,,,,,
Watertown,NY,2-Bedroom,,,,,,,,,
Parkville,MD,2-Bedroom,,,,,,,,,
Millcreek,UT,2-Bedroom,,,,,,,,,
Ridgecrest,CA,2-Bedroom,,,,,,,,,
Madison Heights,MI,2-Bedroom,,,,,,,,,
Goldsboro,NC,2-Bedroom,,,,,,,,,
Lexington,MA,2-Bedroom,,,,,,,,,
Tucker,GA,2-Bedroom,,,,,,,,,
Lawrence,NJ,2-Bedroom,,,,,,,,,
Panama City,FL,2-Bedroom,,,,,,,,,
Nottingham,MD,2-Bedroom,,,,,,,,,
Midvale,UT,2-Bedroom,,,,,,,,,
Dania Beach,FL,2-Bedroom,,,,,,,,,
Norwood,MA,2-Bedroom,,,,,,,,,
Naugatuck,CT,2-Bedroom,,,,,,,,,
Raytown,MO,2-Bedroom,,,,,,,,,
North Andover,MA,2-Bedroom,,,,,,,,,
Burlingame,CA,2-Bedroom,,,,,,,,,
Reisterstown,MD,2-Bedroom,,,,,,,,,
Farmers Branch,TX,2-Bedroom,,,,,,,,,
Golden Glades,FL,2-Bedroom,,,,,,,,,
Royal Palm Beach,FL,2-Bedroom,,,,,,,,,
Southington,CT,2-Bedroom,,,,,,,,,
Long Beach,NY,2-Bedroom,,,,,,,,,
East Haven,CT,2-Bedroom,,,,,,,,,
Shaker Heights,OH,2-Bedroom,,,,,,,,,
Laguna Hills,CA,2-Bedroom,,,,,,,,,
Saint Charles,IL,2-Bedroom,,,,,,,,,
Branford,CT,2-Bedroom,,,,,,,,,
Watertown,MA,2-Bedroom,,,,,,,,,
Romeoville,IL,2-Bedroom,,,,,,,,,
Vernon Rockville,CT,2-Bedroom,,,,,,,,,
Andover,MA,2-Bedroom,,,,,,,,,
Ponte Vedra Beach,FL,2-Bedroom,,,,,,,,,
Rolla,MO,2-Bedroom,,,,,,,,,
Hopewell,VA,2-Bedroom,,,,,,,,,
Monterey,CA,2-Bedroom,,,,,,,,,
Englewood,NJ,2-Bedroom,,,,,,,,,
Middletown,NJ,2-Bedroom,,,,,,,,,
Danvers,MA,2-Bedroom,,,,,,,,,
Atlantic City,NJ,2-Bedroom,,,,,,,,,
Odenton,MD,2-Bedroom,,,,,,,,,
Wellesley,MA,2-Bedroom,,,,,,,,,
Tewksbury,MA,2-Bedroom,,,,,,,,,
Bear,DE,2-Bedroom,,,,,,,,,
Lake Magdalene,FL,2-Bedroom,,,,,,,,,
Imperial Beach,CA,2-Bedroom,,,,,,,,,
Dana Point,CA,2-Bedroom,,,,,,,,,
Murray,KY,2-Bedroom,,,,,,,,,
New London,CT,2-Bedroom,,,,,,,,,
Melrose,MA,2-Bedroom,,,,,,,,,
Granger,IN,2-Bedroom,,,,,,,,,
Superior,WI,2-Bedroom,,,,,,,,,
Slidell,LA,2-Bedroom,,,,,,,,,
Lower Merion,PA,2-Bedroom,,,,,,,,,
Greenacres,FL,2-Bedroom,,,,,,,,,
Morgantown,WV,2-Bedroom,,,,,,,,,
Burien,WA,2-Bedroom,,,,,,,,,
Junction City,KS,2-Bedroom,,,,,,,,,
Harker Heights,TX,2-Bedroom,,,,,,,,,
Suwanee,GA,2-Bedroom,,,,,,,,,
Wheat Ridge,CO,2-Bedroom,,,,,,,,,
Tualatin,OR,2-Bedroom,,,,,,,,,
South Pasadena,CA,2-Bedroom,,,,,,,,,
Woodridge,IL,2-Bedroom,,,,,,,,,
Elkridge,MD,2-Bedroom,,,,,,,,,
Cornelius,NC,2-Bedroom,,,,,,,,,
Miami Lakes,FL,2-Bedroom,,,,,,,,,
Helena,MT,2-Bedroom,,,,,,,,,
Easton,MA,2-Bedroom,,,,,,,,,
Pikesville,MD,2-Bedroom,,,,,,,,,
Mansfield,MA,2-Bedroom,,,,,,,,,
Lorton,VA,2-Bedroom,,,,,,,,,
Mercer Island,WA,2-Bedroom,,,,,,,,,
Burlington,MA,2-Bedroom,,,,,,,,,
Lower Paxton,PA,2-Bedroom,,,,,,,,,
The Crossings,FL,2-Bedroom,,,,,,,,,
Lisle,IL,2-Bedroom,,,,,,,,,
Chelmsford,MA,2-Bedroom,,,,,,,,,
Belmont,MA,2-Bedroom,,,,,,,,,
Oildale,CA,2-Bedroom,,,,,,,,,
Glendale Heights,IL,2-Bedroom,,,,,,,,,
Geneva,IL,2-Bedroom,,,,,,,,,
Groveton,VA,2-Bedroom,,,,,,,,,
Westchase,FL,2-Bedroom,,,,,,,,,
Acton,MA,2-Bedroom,,,,,,,,,
Yucca Valley,CA,2-Bedroom,,,,,,,,,
Canton,MA,2-Bedroom,,,,,,,,,
Beltsville,MD,2-Bedroom,,,,,,,,,
Benicia,CA,2-Bedroom,,,,,,,,,
Westmont,IL,2-Bedroom,,,,,,,,,
Minnetonka,MN,2-Bedroom,,,,,,,,,
Maplewood,NJ,2-Bedroom,,,,,,,,,
Auburn Hills,MI,2-Bedroom,,,,,,,,,
Neptune,NJ,2-Bedroom,,,,,,,,,
Upper Macungie,PA,2-Bedroom,,,,,,,,,
Hatfield,PA,2-Bedroom,,,,,,,,,
Macomb,IL,2-Bedroom,,,,,,,,,
Lyndhurst,NJ,2-Bedroom,,,,,,,,,
Coronado,CA,2-Bedroom,,,,,,,,,
College Park,MD,2-Bedroom,,,,,,,,,
Homewood,AL,2-Bedroom,,,,,,,,,
Bentonville,AR,2-Bedroom,,,,,,,,,
Laguna Beach,CA,2-Bedroom,,,,,,,,,
Mount Pleasant,MI,2-Bedroom,,,,,,,,,
Park Forest,IL,2-Bedroom,,,,,,,,,
Menomonie,WI,2-Bedroom,,,,,,,,,
Ives Estates,FL,2-Bedroom,,,,,,,,,
New Bern,NC,2-Bedroom,,,,,,,,,
Silverdale,WA,2-Bedroom,,,,,,,,,
Stoneham,MA,2-Bedroom,,,,,,,,,
Estero,FL,2-Bedroom,,,,,,,,,
Wright,FL,2-Bedroom,,,,,,,,,
Birmingham,MI,2-Bedroom,,,,,,,,,
Sun City Center,FL,2-Bedroom,,,,,,,,,
Sunny Isles Beach,FL,2-Bedroom,,,,,,,,,
Southbury,CT,2-Bedroom,,,,,,,,,
Mill Creek,WA,2-Bedroom,,,,,,,,,
Temple Terrace,FL,2-Bedroom,,,,,,,,,
Citrus Ridge,FL,2-Bedroom,,,,,,,,,
Havelock,NC,2-Bedroom,,,,,,,,,
Jacksonville Beach,FL,2-Bedroom,,,,,,,,,
Coram,NY,2-Bedroom,,,,,,,,,
Morristown,NJ,2-Bedroom,,,,,,,,,
Rocky Hill,CT,2-Bedroom,,,,,,,,,
Windermere,FL,2-Bedroom,,,,,,,,,
Lexington Park,MD,2-Bedroom,,,,,,,,,
Creve Coeur,MO,2-Bedroom,,,,,,,,,
Newport,RI,2-Bedroom,,,,,,,,,
Westborough,MA,2-Bedroom,,,,,,,,,
Decatur,GA,2-Bedroom,,,,,,,,,
Mamaroneck,NY,2-Bedroom,,,,,,,,,
Miamisburg,OH,2-Bedroom,,,,,,,,,
Ruston,LA,2-Bedroom,,,,,,,,,
Pleasantville,NJ,2-Bedroom,,,,,,,,,
Westlake Village,CA,2-Bedroom,,,,,,,,,
Woodbridge,NJ,2-Bedroom,,,,,,,,,
Deerfield,IL,2-Bedroom,,,,,,,,,
Coralville,IA,2-Bedroom,,,,,,,,,
Bryn Mawr,PA,2-Bedroom,,,,,,,,,
Mukilteo,WA,2-Bedroom,,,,,,,,,
North Druid Hills,GA,2-Bedroom,,,,,,,,,
Winter Haven,FL,2-Bedroom,,,,,,,,,
Suitland-Silver Hill,MD,2-Bedroom,,,,,,,,,
Lansdale,PA,2-Bedroom,,,,,,,,,
Three Lakes,FL,2-Bedroom,,,,,,,,,
Louisville,CO,2-Bedroom,,,,,,,,,
Morrisville,NC,2-Bedroom,,,,,,,,,
Laguna Woods,CA,2-Bedroom,,,,,,,,,
Cohoes,NY,2-Bedroom,,,,,,,,,
Mulberry,FL,2-Bedroom,,,,,,,,,
Abington,MA,2-Bedroom,,,,,,,,,
Twentynine Palms,CA,2-Bedroom,,,,,,,,,
Universal City,TX,2-Bedroom,,,,,,,,,
Hyattsville,MD,2-Bedroom,,,,,,,,,
North Decatur,GA,2-Bedroom,,,,,,,,,
Clayton,MO,2-Bedroom,,,,,,,,,
Ojus,FL,2-Bedroom,,,,,,,,,
Radcliff,KY,2-Bedroom,,,,,,,,,
Lincolnia,VA,2-Bedroom,,,,,,,,,
Lafayette,CO,2-Bedroom,,,,,,,,,
Abington,PA,2-Bedroom,,,,,,,,,
Florence,KY,2-Bedroom,,,,,,,,,
Plainsboro,NJ,2-Bedroom,,,,,,,,,
Farmington,CT,2-Bedroom,,,,,,,,,
Phoenixville,PA,2-Bedroom,,,,,,,,,
Forest Park,IL,2-Bedroom,,,,,,,,,
Harrison,NJ,2-Bedroom,,,,,,,,,
Cedar Mill,OR,2-Bedroom,,,,,,,,,
Hanover,NJ,2-Bedroom,,,,,,,,,
Wilsonville,OR,2-Bedroom,,,,,,,,,
Colonial Park,PA,2-Bedroom,,,,,,,,,
Weehawken,NJ,2-Bedroom,,,,,,,,,
Spring Hill,TN,2-Bedroom,,,,,,,,,
Panama City Beach,FL,2-Bedroom,,,,,,,,,
Red Bank,NJ,2-Bedroom,,,,,,,,,
Key Biscayne,FL,2-Bedroom,,,,,,,,,
Lone Tree,CO,2-Bedroom,,,,,,,,,
Greenwood Village,CO,2-Bedroom,,,,,,,,,
Edgewater,NJ,2-Bedroom,,,,,,,,,
Pooler,GA,2-Bedroom,,,,,,,,,
Islip,NY,2-Bedroom,,,,,,,,,
Webster,TX,2-Bedroom,,,,,,,,,
Malta,NY,2-Bedroom,,,,,,,,,
Malvern,PA,2-Bedroom,,,,,,,,,
Solana Beach,CA,2-Bedroom,,,,,,,,,
Jollyville,TX,2-Bedroom,,,,,,,,,
Conshohocken,PA,2-Bedroom,,,,,,,,,
Largo,MD,2-Bedroom,,,,,,,,,
North Palm Beach,FL,2-Bedroom,,,,,,,,,
Lock Haven,PA,2-Bedroom,,,,,,,,,
Stuart,FL,2-Bedroom,,,,,,,,,
Willoughby Hills,OH,2-Bedroom,,,,,,,,,
Emeryville,CA,2-Bedroom,,,,,,,,,
Newport Coast,CA,2-Bedroom,,,,,,,,,
Saint Robert,MO,2-Bedroom,,,,,,,,,
Marina del Rey,CA,2-Bedroom,,,,,,,,,
Zionsville,IN,2-Bedroom,,,,,,,,,
Dobbs Ferry,NY,2-Bedroom,,,,,,,,,
Huntington,VA,2-Bedroom,,,,,,,,,
Hanover,MD,2-Bedroom,,,,,,,,,
Matawan,NJ,2-Bedroom,,,,,,,,,
Newcastle,WA,2-Bedroom,,,,,,,,,
Waynesville,MO,2-Bedroom,,,,,,,,,
Clermont,FL,2-Bedroom,,,,,,,,,
Leesburg,FL,2-Bedroom,,,,,,,,,
Addison,TX,2-Bedroom,,,,,,,,,
Vinings,GA,2-Bedroom,,,,,,,,,
Palm Beach,FL,2-Bedroom,,,,,,,,,
Chamblee,GA,2-Bedroom,,,,,,,,,
Dumbarton,VA,2-Bedroom,,,,,,,,,
South Miami,FL,2-Bedroom,,,,,,,,,
North Bay Village,FL,2-Bedroom,,,,,,,,,
Portales,NM,2-Bedroom,,,,,,,,,
Anderson Mill,TX,2-Bedroom,,,,,,,,,
West Haven-Sylvan,OR,2-Bedroom,,,,,,,,,
Richmond,TX,2-Bedroom,,,,,,,,,
Surfside,FL,2-Bedroom,,,,,,,,,
North Liberty,IA,2-Bedroom,,,,,,,,,
Grovetown,GA,2-Bedroom,,,,,,,,,
Bay Harbor Islands,FL,2-Bedroom,,,,,,,,,
Golden Lakes,FL,2-Bedroom,,,,,,,,,
Glendale,CO,2-Bedroom,,,,,,,,,
Highland Beach,FL,2-Bedroom,,,,,,,,,
Orangetown,NY,2-Bedroom,,,,,,,,,
Longboat Key,FL,2-Bedroom,,,,,,,,,
Hypoluxo,FL,2-Bedroom,,,,,,,,,
Henrico,VA,2-Bedroom,,,,,,,,,